id,title,alias,tags
645,آیا اتصال دائم لپ تاپ به برق کار درستی است؟,آیا-اتصال-دائم-لپ-تاپ-به-برق-کار-درستی-است,تعمیرات لپ تاپ|تعمیرات لپ تاپ دل|تعمیرات لپ تاپ سونی|تعمیرات لپ تاپ ایسوس|تعمیرات لپ تاپ اپل|تعمیرات لپ تاپ ایسر|تعمیرات لپ تاپ لنوو|فروش باتری اورجینال لپ تاپ|فروش باتری اورجینال ایسوس|فروش باتری اورجینال ایسر|فروش باتری اورجینال سونی|فروش باتری اورجینال لنوو|فروش باتری اورجینال اپل|فروش باتری اورجینال اچ پی|فروش باتری اورجینال فوجیتسو
646,دلایل شارژ نشدن باتری لپ تاپ,دلایل-شارژ-نشدن-باتری-لپ-تاپ,تعمیرات|تعمیرات لپ تاپ|تعمیرات لپ تاپ ایسوس|تعمیرات لپ تاپ اچ پی|تعمیرات لپ تاپ اپل|تعمیرات لپ تاپ فوجیتسو|تعمیرات سرفیس
647,چگونه سلامت باتری لپ تاپ خود را بررسی کنیم؟,چگونه-سلامت-باتری-لپ-تاپ-خود-را-بررسی-کنیم,تعمیرات لپ تاپ دل|تعمیرات لپ تاپ سونی|تعمیرات لپ تاپ ایسوس|تعمیرات لپ تاپ اپل|تعمیرات لپ تاپ ایسر|تعمیرات لپ تاپ لنوو|فروش باتری اورجینال لپ تاپ|فروش باتری اورجینال ایسوس|فروش باتری اورجینال ایسر|فروش باتری اورجینال سونی|فروش باتری اورجینال لنوو|فروش باتری اورجینال اپل|فروش باتری اورجینال اچ پی
733,هدفون بی سیم جدید FreeBuds 3 هواوی با قابلیت حذف نویز معرفی شد,هدفون-بی-سیم-جدید-freebuds-3-هواوی-با-قابلیت-حذف-نویز-معرفی-شد,huawei|FreeBuds 3|huawei FreeBuds 3|air pod|فروش باتری اورجینال لپ تاپ|تعمیرات لپ تاپ
734,علت روشن نشدن وایرلس در ویندوز,علت-روشن-نشدن-وایرلس-در-ویندوز,تعمیرات لپ تاپ|تعمیرات لپ تاپ دل|تعمیرات لپ تاپ سونی|تعمیرات لپ تاپ ایسوس|تعمیرات لپ تاپ اپل|تعمیرات لپ تاپ ایسر|تعمیرات لپ تاپ لنوو|فروش باتری اورجینال لپ تاپ|فروش باتری اورجینال ایسوس|فروش باتری اورجینال ایسر|فروش باتری اورجینال سونی|فروش باتری اورجینال لنوو|فروش باتری اورجینال اپل|فروش باتری اورجینال اچ پی|فروش باتری اورجینال فوجیتسو|علت روشن نشدن وایرلس در ویندوز|وایرلس|ویندوز|مشکل Limited شدن وای فای
737,آیفون 11 پرو و آیفون 11 پرو مکس معرفی شدند,آیفون-11-پرو-آیفون-11-پرو-مکس-معرفی-شدند,iphone|iphone 11 pro|iphone 11 pro max|آیفون 11 پرو|آیفون 11 پرو مکس|ایفون 11|آیفون 11 پرو و آیفون 11 پرو مکس معرفی شدند|تعمیرات لپ تاپ|فروش باتری اورجینال لپ تاپ|نارین پردازش
740,مایکروسافت در حال ساخت سرفیس تاشو با مکانیزم پیچیده لولا است.,مایکروسافت-در-حال-ساخت-سرفیس-تاشو-با-مکانیزم-پیچیده-لولا-است,تعمیرات لپ تاپ|نارین پردازش|مایکروسافت|سرفیس تاشو|لولا|در حال ساخت سرفیس تاشو|مکانیزم پیچیده|Surface
741,پلی استیشن 5 ؛ همه آنچه از کنسول نسل نهم سونی می دانیم,پلی-استیشن-5-همه-آنچه-از-کنسول-نسل-نهم-سونی-می-دانیم,سونی|پلی استیشن|نسل نهم|پلی استیشن 5|sony|ps5|playstation 5|اخبار تکنولوژی|نارین پردازش|تعمیرات لپ تاپ|بازی|کنسول بازی|کنسول بازی ps5
744,لنوو ساعت هوشمند Lenovo Carme را معرفی کرد,لنوو-ساعت-هوشمند-lenovo-carme-را-معرفی-کرد,لنوو|ساعت|ساعت هوشمند|ساعت لنوو|نارین پردازش|تعمیرات لپ تاپ|lenovo|Carme|Lenovo Carme|ساعت هوشمند Lenovo Carme
745,حافظه ذخیره سازی پاتریوت با نام Viper VP4100 و رابط PCIe 4 معرفی شد,حافظه-ذخیره-سازی-پاتریوت-با-نام-viper-vp4100-و-رابط-pcie-4-معرفی-شد,حافظه ذخیره سازی|پاتریوت|نارین پردازش|تعمیرات لپ تاپ|viper vp4100|pcie 4
746,مادربردهای گیمینگ ایسوس با نام Mini-ITX معرفی شدند,مادربردهای-گیمینگ-ایسوس-با-نام-mini-itx-معرفی-شدند,مادربرد|مادربرد گیمینگ|ایسوس|MINIITX|مادربرد MINIITX|نارین پردازش|تعمیرات لپ تاپ
747,طرح رسمی و ثبت شده شرکت دل منتشر شد: یک لپ تاپ با نمایشگر منعطف و یکپارچه OLED,طرح-رسمی-و-ثبت-شده-شرکت-دل-منتشر-شد-یک-لپ-تاپ-با-نمایشگر-منعطف-و-یکپارچه-oled,لپ تاپ با نمایشگر منعطف|طرح رسمی و ثبت شده شرکت دل|نمایشگر منعطف و یکپارچه OLED|شرکت دل|Dell XPS 15
748,شرایط فروش ایران خودرو به صورت اقساطی در 3 مهر 98,شرایط-فروش-ایران-خودرو-به-صورت-اقساطی-در-3-مهر-98,شرایط فروش ایران خودرو|فروش اقساطی|پژو پارس|دنا پلاس|ایران خودرو|نارین پردازش|تعمیرات لپ تاپ|سمند ال ایکس
758,شرکت اپل نسخه‌های 13.1 IOS را منتشر کرد,شرکت-اپل-نسخه‌های-13-1-ios-را-منتشر-کرد,apple|IOS 131|iphone|IPHONE ios 131|شرکت اپل نسخه‌های 131 IOS را منتشر کرد|apple iphone|فروش باتری اورجینال لپ تاپ|نارین پردازش|تعمیرات لپ تاپ
759,هواوی میت ایکس 2 با قلم استایلوس معرفی می‌شود,هواوی-میت-ایکس-2-با-قلم-استایلوس-معرفی-می‌شود,هواوی|میت ایکس|HUAWEI MATE 20X|قلم|استایلوس|هواوی میت ایکس 2|موبایل|نارین پردازش|تعمیرات|فروش باتری های اورجینال لپ تاپ
760,مایکروسافت از لپ تاپ 15 اینچی رونمایی می کند,مایکروسافت-از-لپ-تاپ-15-اینچی-رونمایی-می-کند,مایکروسافت|سرفیس|15 اینچ|microsoft|laptop|Surface|15 inch|تعمیرات لپ تاپ|فروش باتری اورجینال لپ تاپ|نارین پردازش|مایکروسافت از لپ تاپ 15 اینچی رونمایی می کند
761,لپ‌تاپ ThinkPad X1 Carbon لنوو با ضخامت و وزنی کمتر از همیشه عرضه شد,لپ‌تاپ-thinkpad-x1-carbon-لنوو-با-ضخامت-و-وزنی-کمتر-از-همیشه-عرضه-شد,لپ تاپ|لنوو|لپ‌تاپ ThinkPad X1 Carbon|ThinkPad|laptop|lenovo|باتری لپ تاپ لنوو|باتری لپ تاپ|تعمیرات لپ تاپ لنوو|تعمیرات لپ تاپ|نارین پردازش
762,سرفیس پرو 7 احتمالا طراحی جدید و بدون حاشیه خواهد داشت,سرفیس-پرو-7-احتمالا-طراحی-جدید-و-بدون-حاشیه-خواهد-داشت,سرفیس|مایکروسافت|سرفیس پرو 7|microsoft|Surface|SURFACE PRO7|خرید باتری سرفیس|خرید باتری لپ تاپ|تعمیرات سرفیس|تعمیرات لپ تاپ|تعمیراتSURFACE|باتری SURFACE
763,ایسوس ZENBOOK S 13  عرضه شد؛ یک لپ‌تاپ ظریف و قدرتمند برای بازی,ایسوس-zenbook-s-13-عرضه-شد؛-یک-لپ‌تاپ-ظریف-و-قدرتمند-برای-بازی,ایسوس|لپ تاپ|لپ تاپ ایسوس|زن بوک|ZENBOOK S 13|ASUS ZENBOOK S13|زن بوک اس 13|خرید باتری لپ تاپ ایسوس|باتری لپ تاپ|تعمیرات لپ تاپ ایسوس|تعمیرات لپ تاپ|asus
764,لنوو لپ تاپ های سری یوگا را به پردازنده نسل دهم اینتل مجهز کرد,لنوو-لپ-تاپ-های-سری-یوگا-را-به-پردازنده-نسل-دهم-اینتل-مجهز-کرد,لنوو|لپ تاپ|لپ تاپ لنوو|لپ تاپ لنوو یوگا|نسل دهم اینتل|اینتل|پردازنده|lenovo|laptop|LAPTOP LENOVO|LAPTOP LENOVO YOGA|INTEL|CPU|i10|خرید باتری لپ تاپ لنوو|خرید باتری لپ تاپ|تعمیرات لپ تاپ لنوو|تعمیرات لپ تاپ|نارین پردازش
765,AMD برای سرفیس لپ تاپ 3 پردازنده اختصاصی ساخته است,amd-برای-سرفیس-لپ-تاپ-3-پردازنده-اختصاصی-ساخته-است,AMD|Surface|CPU|سرفیس|لپ تاپ|سی پی یو|ای ام دی|خرید باتری سرفیس|خرید باتری لپ تاپ|تعمیرات سرفیس|تعمیرات لپ تاپ|نارین پردازش
766,مایکروسافت نسخه ۱۵ اینچی سرفیس لپ‌تاپ 3 را تنها برای کاربران سازمانی با پردازنده اینتل عرضه می‌کند,مایکروسافت-نسخه-۱۵-اینچی-سرفیس-لپ‌تاپ-3-را-تنها-برای-کاربران-سازمانی-با-پردازنده-اینتل-عرضه-می‌کند,مایکروسافت|سرفیس|لپ تاپ|15 اینچ|microsoft|Surface|laptop|15 inch|خرید باتری سرفیس|باتری سرفیس|تعمیرات سرفیس|تعمیرات لپ تاپ|باتری اورجینال لپ تاپ|باتری لپ تاپ
767,لپ تاپ ایسوس استودیو بوک وان با قدرت گرافیکی بی‌نظیر معرفی شد,لپ-تاپ-ایسوس-استودیو-بوک-وان-با-قدرت-گرافیکی-بی‌نظیر-معرفی-شد,لپ تاپ|قطعات لپ تاپ|ایسوس|لپ تاپ ایسوس|قطعات اورجینال لپ تاپ|استودیو|بوک وان|asus|Studio|Book|StudioBook One|باتری اورجینال|باتری لپ تاپ|باتری اورجینال لپ تاپ|laptop|تعمیرات لپ تاپ|تعمیرات ایسوس|قدرت گرافیک
771,بررسی ASUS VivoBook S15 S530FN لپتاپی برای خوش سلیقه ها,بررسی-asus-vivobook-s15-s530fn-لپتاپی-برای-خوش-سلیقه-ها,لپ تاپ|تعمیرات لپ تاپ|تعمیرات لپ تاپ ایسوس|لپ تاپ ایسوس|قطعات لپ تاپ|قطعات اورجینال لپ تاپ|باتری اورجینال لپ تاپ|باتری لپ تاپ|باتری اورجینال لپ تاپ ایسوس|laptop asus|battery laptop asus|battery orginal laptop|battery orginal laptop asus|asus|ASUS VivoBook S15 S530FN|ASUS VivoBoo|VivoBook S15 S530FN|S15 S530FN|باتری لپ تاپ ASUS VivoBook S15 S530FN|قیمت باتری لپ تاپ|قیمت باتری اورجینال لپ تاپ|قیمت باتری اورجینال لپ تاپ ایسوس|خرید باتری اورجینال لپ تاپ|خرید باتری لپ تاپ|خرید باتری لپ تاپ ایسوس|خرد باتری لپ تاپ asus|قیمت باتری اورجینال لپ تاپ asus|قیمت باتری لپ تاپ ASUS VivoBook S15 S530FN|خرید باتری اورجینال لپ تاپ ASUS VivoBook S15 S530FN
773,مک بوک پرو 16 اینچی به شارژر 96 واتی USB-C مجهز است,مک-بوک-پرو-16-اینچی-به-شارژر-96-واتی-usb-c-مجهز-است,تعمیرات لپ تاپ|باتری لپ تاپ|تعمیرات تخصصی لپ تاپ|فروش باتری اورجینال لپ تاپ|لپ تاپ مک بوک|باتری اورجینال لپ تاپ|باتری اورجینال لپ تاپ اپل|باتری اورجینال laptop apple|خرید باتری اورجینال لپ تاپ|خرید باتری لپ تاپ|خرید باتری|قیمت باتری لپ تاپ|قیمت باتری لپ تاپ اپل|قیمت باتری لپ تاپ apple|apple|apple macbook|laptop apple macbook|لپ تاپ apple macbook
775,سرفیس پرو ایکس به‌همراه پردازنده Arm ، قلم دیجیتال و وضوح‌صفحه بیشتر معرفی شد.,سرفیس-پرو-ایکس-به‌همراه-پردازنده-arm-،-قلم-دیجیتال-و-وضوح‌صفحه-بیشتر-معرفی-شد,تعمیرات لپ تاپ|لپ تاپ|باتری لپ تاپ|تعمیرات تخصصی لپ تاپ|باتری اورجینال لپ تاپ|باتری اورجینال لپ تاپ سرفیس|باتری لپ تاپ سرفیس|لپ تاپ سرفیس|باتری لپ تاپ surface|باتری اورجینال لپ تاپ surface|باتری اورجینال لپ تاپ سرفیس پرو ایکس|قیمت باتری اورجینال لپ تاپ سرفیس|قیمت باتری اورجینال لپ تاپ surface prox|قیمت باتری اورجینال لپ تاپ surface pro|باتری لپ تاپ surface pro|نارین پردازش|اورجینال|باتری|باتری اورجینال|فروش باتری لپ تاپ سرفیس|خرید باتری لپ تاپ سرفیس|فروش باتری اورجینال سرفیس|خرید باتری اورجینال لپ تاپ سرفیس
779,لپ تاپ های اقتصادی لنوو به بازار ایران آمد,لپ-تاپ-های-اقتصادی-لنوو-به-بازار-ایران-آمد,لپ تاپ|لنوو|لپتاپ|ideapad L34015IWL|laptop|lenovo|باتری لپ لپ لنوو|خرید باتری لپ تاپ لنوو|تعمیرات لپ تاپ لنوو|تعمیرات لپ تاپ
782,تشخیص اصل بودن باتری لپ‌تاپ,تشخیص-اصل-بودن-باتری-لپ‌تاپ,تعمیرات لپ تاپ|تعمیرات تخصصی باتری لپ تاپ|باتری لپ تاپ|باتری اورجینال لپ تاپ|باتری اورجینال لپ تاپ ایسوس|باتری اورجینال لپ تاپ asus|باتری اورجینال لپ تاپ لنوو|باتری اورجینال لپ تاپ lenovo|باتری اورجینال لپ تاپ سونی|باتری اورجینال لپ تاپ sony|باتری اورجینال لپ تاپ ایسر|باتری اورجینال لپ تاپ acer|باتری اورجینال لپ تاپ اپل|باتری اورجینال لپ تاپ apple|باتری اورجینال لپ تاپ microsoft|باتری اورجینال لپ تاپ دل|باتری اورجینال لپ تاپ dell|باتری اورجینال لپ تاپ ماکروسافت|sony|acer|asus|lenovo|microsoft|dell|Battery Orginal|Battery Orginal laotop|قیمت باتری اورجینال لپ تاپ
784,لپ تاپ تاشدنی تینک پد X1 لنوو احتمالا در شش‌ماهه دوم ۲۰۲۰ عرضه می‌شود,لپ-تاپ-تاشدنی-تینک-پد-x1-لنوو-احتمالا-در-شش‌ماهه-دوم-۲۰۲۰-عرضه-می‌شود,تعمیرات لپ تاپ|قطعات لپ تاپ|قطعات اورجینال لپ تاپ|قطعات اورجینال لپ تاپ لنوو|لنوو|باتری اورجینال لپ تاپ لنوو|باتری اورجینال لنوو|لپ تاپ  لنوو|باتری اورجینال لپ تاپ lenovo|قطعات اورجینال لپ تاپ lenovo|قیمت باتری اورجینال لپ تاپ لنوو|قیمت باتری اورجینال لپ تاپ lenovo|خرید باتری اورجینال لپ تاپ لنوو|خرید باتری اورجینال لپ تاپ lenovo|فروش باتری اورجینال لپ تاپ لنوو|فروش باتری اورجینال لپ تاپ lenovo|battery|orginal|laptop|lenovo|Battery Orginal|Battery Orginal laotop|battery orginal laptop lenovo|نارین پردازش
790,ایسوس اولین لپ تاپ دنیا با بدنه فلزی گرادیانی را معرفی کرد,ایسوس-اولین-لپ-تاپ-دنیا-با-بدنه-فلزی-گرادیانی-را-معرفی-کرد,تعمیرات تخصصی لپ تاپ|باتری لپ تاپ|باتری اورجینال لپ تاپ|باتری اورجینال لپ تاپ ایسوس|باتری اورجینال لپ تاپ asus|قیمت باتری اورجینال لپ تاپ|قیمت باتری اورجینال لپ تاپ ایسوس|قیمت باتری اورجینال لپ تاپ asus|فروش باتری اورجینال لپ تاپ|فروش باتری اورجینال لپ تاپ ایسوس|فروش باتری اورجینال لپ تاپ  asus|خرید باتری اورجینال لپ تاپ ایسوس|خرید باتری اورجینال لپ تاپ|خرید باتری اورجینال لپ تاپ Asus|battery|orginal|laptop|asus|battery orginal asus|نارین پردازش|قطعات لپ تاپ|قطعات اورجینال لپ تاپ|اخبار لپ تاپ|جدید ترین خبر
795,ویندوز ۱۰X  ، روانه‌ی لپ‌تاپ‌ها خواهد شد,ویندوز-۱۰x-،-روانه‌ی-لپ‌تاپ‌ها-خواهد-شد,باتری اورجینال لپ تاپ|قطعات اورجینال لپ تاپ|باتری اورجینال ایسوس|باتری اورجینال asus|باتری اورجینال لپ تاپ ایسوس|باتری اورجینال لپ تاپ لنوو|باتری اورجینال لپ تاپ lenovo|باتری اورجینال لپ تاپ اپل|باتری اورجینال لپ تاپ apple|باتری اورجینال لپ تاپ hp|باتری اورجینال لپ تاپ dell|باتری اورجینال لپ تاپ acer|باتری اورجینال لپ تاپ سونی|باتری اورجینال لپ تاپ sony|تعمیرات تخصصی لپ تاپ|جدید ترین اخبار تکنولوژی|جدید ترین اخبار لپ تاپ|دنیای لپ تاپ|دنیای باتری اورجینال لپ تاپ|نارین پردازش
801,طراحی نوار تاچ بار و تاچ آیدی مک بوک پرو 16 اینچی تایید شد,طراحی-نوار-تاچ-بار-و-تاچ-آیدی-مک-بوک-پرو-16-اینچی-تایید-شد,نارین پردازش|باتری اورجینال لپ تاپ|باتری اورجینال ایسوس|باتری اورجینال اپل|باتری اورجینال لنوو|باتری اورجینال ایسر|باتری اورجینال دل|باتری اورجینال اچ پی|باتری اورجینال سونی|باتری اورجینال fujitsu|باتری اورجینال microsoft|apple|asus|acer|dell|hp|lenovo|fujitsu|microsoft|laptop|اخبار تکنولوژی|لپ تاپ|قطعات اورجینال لپ تاپ|تعمیرات تخصصی لپ تاپ
804,مدل‌های جدید لپ تاپ Dell XPS 13 Developer Edition معرفی شدند,مدل‌های-جدید-لپ-تاپ-dell-xps-13-developer-edition-معرفی-شدند,باتری اورجینال|باتری اورجینال لپ تاپ|باتری اورجینال دل|باتری|اورجینال|لپ تاپ|دل|قطعات اورجینال لپ تاپ|قطعات اورجینال دل|dell|battery|orginal|laptop|laptop dell|نارین پردازش|تعمیرات تخصصی لپ تاپ|Dell XPS
808,مک بوک پرو 16 اینچی ساخت شرکت اپل معرفی شد؛,مک-بوک-پرو-16-اینچی-ساخت-شرکت-اپل-معرفی-شد؛,قطعات اورجینال لپ تاپ|باتری اورجینال لپ تاپ|باتری اورجینال اپل|قطعات اورجینال لپ تاپ اپل|تعمیرات تخصصی لپ تاپ اپل|مک بوک پرو|اپل|لپ تاپ|دنیای اطلاعات لپ تاپ|جدیدترین اخبار لپ تاپ|اخبار لپ تاپ|لپ تاپ اپل|تکنولوژی|فناوری|ناربن پردازش|apple|laptop|macbook
811,محصول جدید ایسوس به نام ورک استیشن ProArt StudioBook Pro 17 معرفی شد.,محصول-جدید-ایسوس-به-نام-ورک-استیشن-proart-studiobook-pro-17-معرفی-شد,قطعات اورجینال لپ تاپ|قطعات اورجینال ایسوس|باتری اورجینال لپ تاپ|باتری اورجینال لپ تاپ ایسوس|باتری اورجینال ایسوس|باتری اورجینال asus|asus|battery|orginal|laptop|اخبار لپ تاپ|لپ تاپ|جدید ترین اخبار لپ تاپ|اخبار تکنولونوژی|نارین پردازش|تعمیرات تخصصی لپ تاپ
817,شرکت اپل ، خاموش شدن ناگهانی برخی از مدل‌های MACBOOK PRO 13inch را تایید کرد,شرکت-اپل-،-خاموش-شدن-ناگهانی-برخی-از-مدل‌های-macbook-pro-13-اینچی-را-تایید-کرد,تعمیرات تخصصی لپ تاپ|باتری اورجینال لپ تاپ|باتری اورجینال اپل|اپل|باتری لپ تاپ اپل|مک بوک پرو|باتری اورجینال مک بوک پرو|باتری مک بوک پرو|MACBOOK PRO 13inch|apple|apple macbook pro|قطعات اورجینال لپ تاپ|قطعات اورجینال اپل
820,دنیای PC  ها ،زنده‌تر از همیشه,دنیای-pc-ها-،زنده‌تر-از-همیشه,اخبار لپ تاپ|جدید ترین خبرهای تکنولوژی|قطعات لپ تاپ|قطعات اورجینال لپ تاپ|فروش قطعات اورجینال لپ تاپ|خرید قطعات اورجینال لپ تاپ|قیمت قطعات اورجینال لپ تاپ|فروش باتری اورجینال|فروش باتری اورجینال لپ تاپ|خرید باتری اورجینال لپ تاپ|قیمت باتری اورجینال لپ تاپ|نارین پردازش|اورج باتری|اورجینال باتری
822,مشکل صدا دادن macbook pro 16 inch اپل با بروزرسانی بعدی رفع می‌شود,مشکل-صدا-دادن-macbook-pro-16-inch-اپل-با-بروزرسانی-بعدی-رفع-می‌شود,تازه ترین اخبار تکنولوژی|تازه ترین اخبار لپ تاپ ها|نارین پردازش|اورج باتری|باتری اورجینال|قطعات اورجینال|قطعات اورجینال اپل|باتری اورجینال لپ تاپ اپل|macbook|macbook pro 16 inch|اپل|apple
825,درخشش برخی لپ‌تاپ‌ها در سال 2019,درخشش-برخی-لپ‌تاپ‌ها-در-سال-2019,اخبار لپ تاپ|جدید ترین لپ تاپ ها|باتری اورجینال لپ تاپ|باتری لپ تاپ|باتری اورجینال ایسوس|باتری اورجینال اپل|باتری اورجینال ایسر|باتری اورجینال مایکروسافت|باتری اورجینال اچ پی|باتری اورجینال دل|battery|orginal|laptop|قطعات اورجینال لپ تاپ|اورج باتری|اورجینال باتری
831,Mac book pro 16 inch، چگونه باتری بزرگتری را در دل خود جا داده است؟؟؟,mac-book-pro-16-inch،-چگونه-باتری-بزرگتری-را-در-دل-خود-جا-داده-است؟؟؟,باتری اورجینال لپ تاپ|لپ تاپ|اپل|مک بوک پرو|macbook pro 16inch|باتری اپل|نارین پردازش|تازه ترین اخبار لپ تاپ|اخبار لپ تاپ|مک بوک پرو 16 اینچ|اورج باتری|اورجینال باتری
838,خرابی باتری های سرفیس,خرابی-باتری-های-سرفیس,باتری سرفیس|باتری اورجینال سرفیس|باتری اورجینال surface|سرفیس|باتری|اورجینال|Surface|battery|orginal|خرابی باتری|باد کردن باتری|باد کردن باتری سرفیس|خراب شدن باتری سرفیس|تعویض باتری سرفیس|نارین پردازش|قطعات اورجینال سرفیس|اورج باتری|اورجینال باتری|تازه ترین اخبار لپ تاپ|اخبار لپ تاپ|اخبار باتری لپ تاپ
847,ایسوس لپ تاپ ExpertBook B9450 را با قابلیت شارژدهی بالا و وزن کم معرفی کرد,ایسوس-لپ-تاپ-expertbook-b9450-را-با-قابلیت-شارژدهی-بالا-و-وزن-کم-معرفی-کرد,باتری ایسوس|ایسوس|باتری اورجینال ایسوس|باتری لپ تاپ|باتری لپ تاپ ایسوس|باتری اورجینال لپ تاپ|باتری اورجینال لپ تاپ ایسوس|لپ تاپ ایسوس|اخبار تکولوژی|اخبار لپ تاپ|جدید ترین اخبار تکنولوژی|جدید ترین اخبار لپ تاپ|اورج باتری|اورجینال باتری|asus|laptop
852,شرکت ماکروسافت ، surface pro را به صفحات خورشیدی مجهز می‌کند.,شرکت-ماکروسافت-،-surface-pro-را-به-صفحات-خورشیدی-مجهز-می‌کند,سرفیس|باتری سرفیس|باتری اوررجینال سرفیس|انواع باتری سرفیس|انواع باتری اورجینال سرفیس|خرید باتری اورجینال سرفیس|قیمت باتری اورجینال سرفیس|فروش باتری اورجینال سرفیس|تازه ترین اخبار لپ تاپ|تازه ترین اخبار تکنولوژی|نارین پردازش|اورج باتری|اورجینال باتری|لپ تاپ|قطعات اورجینال سرفیس|قطعات اورجینال لپ تاپ
857,چه زمانی باید باتری لپ‌تاپ را تعویض کنیم؟,چه-زمانی-باید-باتری-لپ‌تاپ-را-تعویض-کنیم؟,خرابی باتری لپ تاپ|خرید باتری لپ تاپ|قیمت باتری لپ تاپ|باتری لپ تاپ ایسوس|باتری لپ تاپ لنوو|باتری لپ تاپ سونی|باتری لپ تاپ ایسر|باتری سرفیس|شارژ نشدن باتری لپ تاپ|باتری لپ تاپ|چه زمانی باید باتری لپ‌تاپ را تعویض کنیم؟|battery laptop|مشکل باتری لپ تاپ|خرابی باتری لپ تاپ ایسوس|خرابی باتری لپ تاپ لنوو|خراب باتری سرفیس|مشکل باتری لپ تاپ ایسوس|مشکل باتری لپ تاپ لنوو|مشکل باتری سرفیس|خرابی باتری لپ تاپ سونی|خرابی باتری لپ تاپ اچ پی|مشکل باتری لپ تاپ سونی
863,Macbook pro 13 اینچی در آینده ای نزدیک ، همراه با کیبورد مجیک معرفی خواهد شد.,macbook-pro-13-اینچی-در-آینده-ای-نزدیک-،-همراه-با-کیبورد-مجیک-معرفی-خواهد-شد,اپل|باتری اپل|باتری اپل مک بوک پرو|باتری اورجینال اپل|فروش باتری لپ تاپ اپل|فروس باتری اورجینال اپل|قطعات اورجینال اپل|نارین پردازش|اورج باتری|اورجینال باتری|اخبار لپ تاپ|تازه ترین اخبار تکنولوژی
868,عامل موثر در باد کردن باتری های سرفیس,عامل-موثر-در-باد-کردن-باتری-های-سرفیس,خرابی باتری های سرفیس|باد کردن باتری سرفیس|مشکلات باتری های سرفیس|باتری سرفیس|فروش باتری سرفیس اورجینال|خرید باتری اورجینال سرفیس|قیمت باتری اورجینال سرفیس|جدید ترین اخبار سرفیس|نارین پردازش|اورج باتری|اورجینال باتری
875,رونمایی Vaio از لپ تاپ های جدید با پردازنده نسل دهم اینتلی,رونمایی-vaio-از-لپ-تاپ-های-جدید-با-پردازنده-نسل-دهم-اینتلی,اورج باتری|اورجینال باتری|نارین پردازش|اخبار لپ تاپ|لپ تاپ|باتری اورجینال لپ تاپ|باتری لپ تاپ سونی|جدید ترین اخبار تکنولوژی|تازه ترین اخبار لپ تاپ
882,در سال ۲۰۲۱ اولین کامپیوترهای مک با پردازنده آرم عرضه می‌شوند.,در-سال-۲۰۲۱-اولین-کامپیوترهای-مک-با-پردازنده-آرم-عرضه-می‌شوند,اپل|باتری اپل|باتری اورجینال اپل|باتری لپ تاپ اپل|جدیدترین اخبار لپ تاپ|بروزترین اخبار لپ تاپ ها|اخبار تکنولوژی|اورج باتری|اورجینال باتری|نارین پردازش
889,اختراع جدید مایکروسافت، انتقال گرمای سرفیس بوک را متحول می‌کند,اختراع-جدید-مایکروسافت،-انتقال-گرمای-سرفیس-بوک-را-متحول-می‌کند,اخبار لپ تاپ|جدید ترین اخبار لپ تاپ|سرفیس بوک|مایکروسافت|اخبار سرفیس|نارین پردازش|اورج باتری|اورجینال باتری
896,اپل قصد دارد مک بوک پرو 14.1 اینچی مجهز به پنل مینی LED را رونمایی کند,اپل-قصد-دارد-مک-بوک-پرو-14-1-اینچی-مجهز-به-پنل-مینی-led-را-رونمایی-کند,
897,اپل قصد دارد مک بوک پرو 14.1 اینچی مجهز به پنل مینی LED را رونمایی کند,اپل-قصد-دارد-مک-بوک-پرو-14-1-اینچی-مجهز-به-پنل-مینی-led-را-رونمایی-کند,باتری لپ تاپ|لپ تاپ اپل|باتری لپ تاپ اپل|اخبار لپ تاپ|جدید ترین خبر|اخبار تکنولوژی|نارین پردازش|اورج باتری|اورجینال باتری
901,سری جدید لپ تاپ های lenovo thinkpad با پردازنده های Reyzen 4000 pro معرفی شد.,reyzen-4000-pro,اخبار لپ تاپ|لنوو|باتری لپ تاپ لنوو|باتری لنوو|lenovo thinkpad|جدید ترین اخبار لپ تاپ ها|اخبار تکنولوژی|اورج باتری|اورجینال باتری|نارین پردازش
903,اپل مشخصات مک بوک ایر 2020 را شرح داد,اپل-مشخصات-مک-بوک-ایر-2020-را-شرح-داد,اپل|باتری لپ تاپ اپل|باتری اپل|باتری اورجینال اپل|باتری لپ تاپ|اخبار لپ تاپ|اخبار تکنولوژی|نارین پردازش|اورج باتری|اورجینال باتری
904,مهم ترین علل تصویر ندادن لپ تاپ ها,مهم-ترین-علل-تصویر-ندادن-لپ-تاپ,هیتر|دستگاهIR|BGA MACHINE|تصویر ندادن لپ تاپ|اورج باتری|نارین پردازش|باتری اورجینال لپ تاپ|باتری لپ تاپ
907,آموزش صحیح نگهداری از باتری لپ تاپ در هنگام شارژ,آموزش-صحیح-نگهداری-از-باتری-لپ-تاپ-در-هنگام-شارژ,باتری لپ تاپ|اموزش|نگهداری از باتری لپ تاپ|اورج باتری|نارین پردازش|باتری اوریجینال لپ تاپ|باتری داخلی لپ تاپ
910,مجهز شدن MICROSOFT SURFACE BOOK 3  به 32 گیگابایت حافظه رم,مجهز-شدن-microsoft-surface-book-3-به-32-گیگابایت-حافظه-رم,اخبار لپ تاپ|سرفیس|سرفیس بوک|نارین پردازش|اورج باتری|اورجبنال باتری|باتری لپ تاپ|باتری اورجینال لپ تاپ|سرفیس بوک 3
912,هرکدام از قسمت های مختلف لپ تاپ در صورت خرابی چه علائمی دارند؟,هرکدام-از-قسمت-های-مختلف-لپ-تاپ-در-صورت-خرابی-چه-علائمی-دارند؟,اخبار لپ تاپ|قطعات لپ تاپ|تعمیرات لپ تاپ|نارین پردازش|اورج باتری|اورجینال باتری
915,لنوو قصد دارد برخی از لپ تاپ های خود را با سیستم عامل Linux  عرضه کند.,لنوو-قصد-دارد-برخی-از-لپ-تاپ-های-خود-را-با-سیستم-عامل-linux-عرضه-کند,اخبار لپ تاپ|تکنولوژی|لنوو|لپ تاپ لنوو|باتری لپ تاپ لنوو|نارین پردازش|اورج باتری|اورجینال باتری
920,چه روش هایی برای نابود کردن لپ تاپ وجود دارد ؟,چه-روش-هایی-برای-نابود-کردن-لپ-تاپ-وجود-دارد-؟,اخبار لپ تاپ|اخبار تکنولوژی|خرابی لپ تاپ|خرابی باتری لپ تاپ|خراب شدن باتری لپ تاپ|اورج باتری|اورجینال باتری|نارین پردازش
926,اپل پشتیبانی از چند محصولش را محدود میکند,اپل-پشتیبانی-از-چند-محصولش-را-محدود-میکند,اخبار لپ تاپ|اپل|مک بوک|مک بوک ایر|مک بوک پرو|نارین پردازش|اورج باتری|اورجینال باتری|ORGBATTERY|orginal battery|battery laptop|apple|نمایندگی اپل
928,خاموش شدن ناگهانی لپ تاپ و بررسی علل آن,خاموش-شدن-ناگهانی-لپ-تاپ-و-بررسی-علل-آن,اخبار لپ تاپ|خراب شدن لپ تاپ|خراب شدن باتری لپ تاپ|باتری لپ تاپ|خرید باتری لپ تاپ|خاموش شدن لپ تاپ|تعمیرات تخصصی لپ تاپ|نارین پردازش|اورج باتری|اورجینال باتری
930,Hp   لپ تاپ های جدید سری الیت بوک را معرفی کرد.,hp-لپ-تاپ-های-جدید-سری-الیت-بوک-را-معرفی-کرد,اخبار لپ تاپ|جدید ترین لپ تاپ|لپ تاپ اچ پی|باتری لپ تاپ اچ پی|باتری hp|باتری لپ تاپ hp|نارین پردازش|اورج باتری|نمایندگی hp|اورجینال باتری|لپ تاپ جدید اچ پی
932,درباره کیبورد (keyboard) بیشتر بدانید,درباره-کیبورد-keyboard-بیشتر-بدانید,اخبار لپ تاپ|جدید ترین اخبار لپ تاپ|تعمیرات لپ تاپ|تعمیرات تخصصی لپ تاپ|نمایندگی باتری لپ تاپ|خرید باتری لپ تاپ|باتری لپ تاپ|باتری اورجینال لپ تاپ|نارین پردازش|اورج باتری|اورجینال باتری
937,محصول جدید شرکت Lenovo  ، کروم بوک 3 با نمایشگر 11 اینچی رونمایی شد .,محصول-جدید-شرکت-lenovo-،-کروم-بوک-3-با-نمایشگر-11-اینچی-رونمایی-شد,اخبار لپ تاپ|جدید تترین لپ تاپ ها|لپ تاپ لنوو|لپ تاپ لنوو کروم بوک 3|کروم بوک 3|نارین پردازش|اورج باتری|اورجینال باتری|باتری لپ تاپ لنوو|lenovo laptop|chrome book lenovo
940,اصلی ترین تفاوت های SSD  و HDD ( هارد دیسک),اصلی-ترین-تفاوت-های-ssd-و-hdd-هارد-دیسک,باتری لپ تاپ|اخبار لپ تاپ|جدید ترین اخبار لپ تاپ|هارد لپ  تاپ|اورج باتری|تفاوت هارد ssd با hdd|هارد SSD|هارد HDD|نارین پردازش|اورجینال باتری
943,اولین لپ تاپ 5G جهان توسط لنوو به بازار عرضه شد.,اولین-لپ-تاپ-5g-جهان-توسط-لنوو-به-بازار-عرضه-شد,اخبار لپ تاپ|جدیدترین اخبار تکنولوژی|لپ تاپ لنوو|باتری لپ تاپ لنوو|باتری  LENOVO|باتری لپ تاپ LENOVO|lenovo|lenovo battery|battery lenovo|نارین پردازش|اورج باتری|اورجینال باتری
944,آیا اتصال دائم لپ تاپ به برق کار درستی است ؟,آیا-اتصال-دائم-لپ-تاپ-به-برق-کار-درستی-است-؟,اخبار لپ تاپ|تکنولوژی لپ تاپ|باتری لپ تاپ|خرید باتری لپ تاپ|باتری اورجینال لپ تاپ|شارژر لپ تاپ|نارین پردازش|اورج باتری
945,نارضایتی کاربران مک بوک ایر و مک بوک پرو 2020 از عدم سازگاری با USB 2.0,نارضایتی-کاربران-مک-بوک-ایر-و-مک-بوک-پرو-2020-از-عدم-سازگاری-با-usb-2-0,اخبار لپ تاپ|تکنولوژی روز|لپ تاپ اپل|باتری لپ تاپ اپل|باتری اورجینال اپل|نارین پردازش|اورج باتری|اورجینال باتری
948,انواع خرابی هارد لپ تاپ,انواع-خرابی-هارد-لپ-تاپ,اخبار لپ تاپ|باتری لپ تاپ|نارین پردازش|اورج باتری|اورجینال باتری|باطری لپتاپ
952,جدیدترین لپ تاپ سامسونگ  گلکسی بوک s جدید از تراشه لیک فیلد اینتل استفاده میکند .,جدیدترین-لپ-تاپ-سامسونگ-گلکسی-بوک-s-جدید-از-تراشه-لیک-فیلد-اینتل-استفاده-میکند,لپ تاپ|اخبار لپ تاپ|اخبار تکنولوژی|جدیدترین لپ تاپ ها|باتری لپ تاپ|باتری|باتری اورجینال لپ تاپ|نارین پردازش|اورج باتری|اورجینال باتری
958,راهنمای بهبود عملکرد لپ تاپ,راهنمای-بهبود-عملکرد-لپ-تاپ,اخبار لپ تاپ|باتری لپ تاپ|باتری لپ تاپ گیمینگ|باتری گیمینگ|عملکرد لپ تاپ|خرابی لپ تاپ|خرابی باتری لپ تاپ|اورج باتری|اورجینال باتری|نارین پردازش
964,15 نکته برای خرید لپ تاپ,15-نکته-برای-خرید-لپ-تاپ,اخبار لپ تاپ|جدیدترین لپ تاپ ها|راهنمای خرید لپ تاپ|نارین پردازش|اورج باتری|اورجینال باتری
967,قابلیت فیس آی دی احتمالا به زودی روانه ی کامپیوترهای مک می شود,قابلیت-فیس-آی-دی-احتمالا-به-زودی-روانه-ی-کامپیوترهای-مک-می-شود,باتری اپل|باتری اورجینال لپ تاپ اپل|باتری لپ تاپ|باتری اورجینال اپل|اخبار لپ تاپ|جدیدترین اخبار لپ تاپ|اورج باتری|اورجینال باتری|نارین پردازش
971,توشیبا دنیای کامپیوتر های شخصی را ترک کرد.,توشیبا-دنیای-کامپیوتر-های-شخصی-را-ترک-کرد,اخبار لپ تاپ|جدیدترین اخبار لپ تاپ|نارین پردازش|اورج باتری|اورجینال باتری|باتری لپ تاپ|باتری اورجینال لپ تاپ
974,لپ تاپ مناسب گرافیست ها لپ تاپ مناسب گرافیست ها,لپ-تاپ-مناسب-گرافیست-ها,خرید لپ تاپ|لپ تاپ مناسب طراحی|لپتاپ های گرافیک|اورج باتری|نارین پردازش|اورجینال باتری|باتری لپ تاپ|باتری اورجینال|باتری ایسوس|باتری اچ پی|باتری لپ تاپ اپل|باتری ایسر|باتری سونی|باتری دل|باتری سرفیس|باتری فوجیتسو|باتری لنوو
976,علت های شارژ نشدن باتری لپ تاپ چه می تواند باشد؟,علت-های-شارژ-نشدن-باتری-لپ-تاپ-چه-می-تواند-باشد؟,شارژ نشدن باتری|خرابی باتری لپ تاپ|مشکل باتری لپتاپ|شارژ نشدن باتری لپتاپ|اورج باتری|نارین پردازش|اخبار  لپتاپ|علت شارژ نشدن باطری لپ تاپ
977,6 نکته طلایی برای خرید لپ تاپ,6نکته-طلایی-برای-خرید-لپ-تاپ,خرید لپ تاپ|خرید باتری لپتاپ|خرید بانری اورجینال لپ تا|خرید باتری اورجینال لپ تاپ|خرابی لپ تاپ|خرابی باتری لپتاپ|نارین پردازش|اورج باتری|اورجینال باتری
981,رایج ترین مشکلات لپ تاپ ها و راه حل آنها,رایج-ترین-مشکلات-لپ-تاپ-ها-و-راه-حل-آنها,مشکلات لپ تاپ|تعمیرات لپ تاپ|باتری اورجینال لپ تاپ|باتری لپ تاپ|اخبار جدید لپ تاپ|نارین پردازش|اورج باتری|اورجینال باتری
983,لپ تاپ های جدید سرفیس ، کوچکتر و مقرون به صرفه تر,لپ-تاپ-های-جدید-سرفیس-،-کوچکتر-و-مقرون-به-صرفه-تر,اخبار لپ تاپ|اخبار سرفیس|جدیدترین لپ تاپ های سرفیس|باتری سرفیس|خرابی باتری سرفیس|اورج باتری|نارین پردازش|اورجینال باتری|battery surface|battery laptop surface|surface new|laptop new
985,سرانجام به روز رسانی Surface Book 3 ،لپ تاپ مایکروسافت را به خرید بهتری تبدیل می کند,سرانجام-به-روز-رسانی-surface-book-3-،لپ-تاپ-مایکروسافت-را-به-خرید-بهتری-تبدیل-می-کند,اخبار لپتاپ|اخبار تکنولوژی|باتری سرفیس|باتری اورجینال سرفیس|خرید باتری سرفیس|باتری لپ تاپ سرفیس|اخبار سرفیس|جدیدترین لپ تاپ سرفیس|خرابی باتری سرفیس|تعویض باتری سرفیس|نارین پردازش|اورج باتری|اورجینال باتری|battery surface
990,اولین رایانه تاشو جهان Lenovo ThinkPad X1 برای پیش خرید در دسترس است.,اولین-رایانه-تاشو-جهان-lenovo-thinkpad-x1-برای-پیش-خرید-در-دسترس-است,اخبار لپ تاپ|اخبار تکنولوژی|باتری لپ تاپ لنوو|باتری لنوو|باتری تینک پد|جدیدترین اخبار لپ تاپ|اورج باتری|اورجینال باتری|نارین پردازش
992,رونمایی hp  از لپ تاپ جدید Spectre x360 14 با قابلیت تبدیل پردازنده های 'Tiger Lake' اینتل,رونمایی-hp-از-لپ-تاپ-جدید-spectre-x360-14-با-قابلیت-تبدیل-پردازنده-های-tiger-lake-اینتل,باتری اچ پی|باتری لپ تاپ اچ پی|باتری hp|اخبار جدید لپ تاپ|جدیدترین اخبار لپ تاپ|نارین پردازش|اورج باتری|اورجینال باتری
999,بایوس چیست ؟,بایوس-چیست-؟,اخبار لپ تاپ|جدید ترین اخبار لپتاپ|تعویض باتری لپ تاپ|خرابی لپ تاپ|تعمیرات تخصصی لپ تاپ|نارین پردازش|اورج باتری|اورجینال باتری|ORGBATTERY|battery|battery laptop|battery original laptop
1001,فروش لپ تاپ HP Chromebook x360 با پردازنده گرافیکی 10th در جمعه سیاه,فروش-لپ-تاپ-hp-chromebook-x360-با-پردازنده-گرافیکی-10th-در-جمعه-سیاه,اخبار لپ تاپ|جدیدترین اخبار لپ تاپ|باتری لپ تاپ اچ پی|خرابی باتری لپ تاپ|نارین پردازش|اورج باتری|اورجینال باتری|battery laptop|battery original laptop
1004,سرگذشت لپ تاپ استوک,سرگذشت-لپ-تاپ-استوک,اخبار لپ تاپ|جدیدترین اخبار لپ تاپ|آموزش لپ تاپ|راهنمای خرید باتری لپ تاپ|راهنمای خرید لپ تاپ|راهنمای خرید لپ تاپ استوک|اورج باتری|اورجینال باتری|نارین پردازش
1006,بهترین لپ تاپ های 2020 ( بخش اول ),بهترین-لپ-تاپ-های-2020-بخش-اول,اخبار لپ تاپ|جدیدترین اخبار لپ تاپ|جدیدترین اخبار تکنولوژی|جدیدترین لپ تاپ ها|خرابی باتری لپ تاپ|باتری لپ تاپ|باتری اورجیناال لپ تاپ|اورج باتری|اورجینال باتری|نارین پردازش
1011,بهترین لپ تاپ های 2020 ( بخش دوم ),بهترین-لپ-تاپ-های-2020-بخش-دوم,اخبار لپ تاپ|جدیدترین اخبار لپ تاپ|بهترین لپ تاپ ها|بهترین لپ تاپ های سال|جدیدترین لپ تاپ 2020|جدیدترین لپ تاپ های 2020|باتری لپ تاپ|باتری اورجینال لپ تاپ|خرابی باتری لپ تاپ|battery laptop|battery original laptop
1015,بهترین لپ تاپ های 2020 ( بخش سوم ),بهترین-لپ-تاپ-های-2020-بخش-سوم,لپ تاپ|بهترین لپ تاپ ها|بهترین لپ تاپ های 20202|جدیدترین لپ تاپ ها|باتری لپ تاپ|باتری اورجینال لپ تاپ|اخبار لپ تاپ|اخبار تکنولوژی|نارین پردازش|laptop|battery laptop
1017,افزایش سرعت ویندوز,افزایش-سرعت-ویندوز,خرابی لپ تاپ|تعمیرات لپ تاپ|اخبار لپ تاپ|آموزش لپ تاپ|خرابی باتری لپ تاپ|اورج باتری|اورجینال باتری|بالابردن سرعت ویندوز|سرعت ویندوز 10
1020,نکاتی برای افزایش طول عمر لپ تاپ,نکاتی-برای-افزایش-طول-عمر-لپ-تاپ,اخبار لپ تاپ|طول عمر لپ تاپ|خرابی لپ تاپ|تعمیرات تخصصی لپ تاپ|تعمیرات لپ تاپ|تعمیرات مک|خرابی باتری لپ تاپ|نارین پردازش|اورج باتری|تعویض باتری لپ تاپ|battery laptop|laptop original battery
1023,بهترین لپ تاپ 15 اینچی 2020: برترین گزینه ها با نمایشگرهای 15 اینچی ( قسمت اول ),بهترین-لپ-تاپ-15-اینچی-2020-برترین-گزینه-ها-با-نمایشگرهای-15-اینچی-قسمت-اول,اخبار لپ تاپ|اخبار تکنولوژی|لپ تاپ 15 اینچ|جدیدترین لپ تاپ 15 اینچ|لپ تاپ های 15 اینچی ایسوس|بهترین لپ تاپ های 15 اینچی 2020|تعمیرات لپ تاپ|تعمیرات تخصصی لپ تاپ|خرابی لپ تاپ|نارین پردازش|اورج باتری|اورجینال باتری|laptop new|ASUS LAPTOP|MacBook Pro
1026,بهترین لپ تاپ 15 اینچی 2020: برترین گزینه ها با نمایشگرهای 15 اینچی ( قسمت دوم ),بهترین-لپ-تاپ-15-اینچی-2020-برترین-گزینه-ها-با-نمایشگرهای-15-اینچی-قسمت-دوم,اخبار لپ تاپ|لپ تاپ 15 اینچی|باتری اورجینال لپ تاپ 15 اینچی|اخبار تکنولوژی|تعمیرات تخصصی لپ تاپ|نارین پردازش|اورج باتری|15 INCH LPTOP|laptop 15 inch
1030,بررسی پردازنده Core M  و تفاوت آن با Core I5  و Core I7,بررسی-پردازنده-core-m-و-تفاوت-آن-با-core-i5-و-core-i7,اخبار لپ تاپ|جدیدترین اخبار لپتاپ|جدیدترین اخبار تکنولوژی|لپ تاپ corem|لپ تاپ با پردازنده core m|نارین پردازش|اورج باتری|اورجینال باتری
1034,Chromebook های کلاس جدید Acer ممکن است به جلوگیری از شیوع میکروب در مدارس کمک کند.,chromebook-های-کلاس-جدید-acer-ممکن-است-به-جلوگیری-از-شیوع-میکروب-در-مدارس-کمک-کند,اخبار لپ تاپ|جدید ترین لپ تاپ های دنیا|لپ تاپ ایسر|لپ تاپ های ایسر|لپ تاپ های کروم بوک|لپ تاپ ایسر chromebook|کوید 19|کورونا ویروس|کورونا در مدارس|کرونا ویروس|نارین پردازش|اورج باتری|اورجینال باتری|acer chromebook|battery acer chromebook
1038,راهنمای تخصصی و جامع ارتقاء رم لپ تاپ,راهنمای-تخصصی-و-جامع-ارتقاء-رم-لپ-تاپ,رم لپ تاپ|ارتقا رم لپ تاپ|باتری لپ تاپ|اخبار لپ تاپ|تعمیرات لپ تاپ|تعمیرات تخصصی لپ تاپ|نارین پردازش|اورج باتری
1040,بهترین لپ تاپ های Windows 10 Pro 2021: برترین نوت بوک ها برای بهره وری,بهترین-لپ-تاپ-های-windows-10-pro-2021-برترین-نوت-بوک-ها-برای-بهره-وری,اخبار تکنولوژی|اخبار لپ تاپ|بهترین لپ تاپ ویندوز 10 پرو|ویندوز 10 پرو|windows 10 pro|نارین پردازش|اورج باتری|اورجینال باتری|باتری لپ تاپ|باتری اورجینال لپ تاپ|تعمیرات تخصصی لپ تاپ|battery laptop|battery original lenovo
1042,کدام بهتر است ؟ Shutdown یا Hibernate یا Sleep,کدام-بهتر-است-؟-shutdown-یا-hibernate-یا-sleep,اخبار لپ تاپ|تعمیرات لپ تاپ|تعمیرات تخصصی لپ تاپ|نارن پردازش|اورج باتری|باتری اورجینال و اصلی لپ تاپ|battery asus|battery lattop|narin pardazesh|ORGBATTERY|original battery|battery original laptop
1048,فناوری های منسوخ شده سال 2020,فناوری-های-منسوخ-شده-سال-2020,اخبار لپ تاپ|فناوری های لپ تاپ|نارین پردازش|اورج باتری|اورجینال باتری|battery laptop|battery original laptop
1050,بهترین لپ تاپ های ایسوس 2021,بهترین-لپ-تاپ-های-ایسوس-2021,اخبار لپ تاپ|لپ تاپ 2021|بهترین لپ تاپ 2021|بهترین لپ تاپ ایسوس|باتری لپ تاپ ایسوس|باتری اورجینال ایسوس|battery asus|battery laptop asus|asus news|laptop news|نارین پردازش|اورج باتری|اورجینال باتری
1054,آشنایی با نسل در پردازنده های اینتل,آشنایی-با-نسل-در-پردازنده-های-اینتل,اینتل|نسل اینتل|نسل پردازنده|اخبار لپ تاپ|تکنولوِژی لپ تاپ|جدید ترین نسل  CPU|نارین پردازش|اورج باتری|اورجینال باتری|battery laptop|battery original laptop
1058,به روزرسانی ویندوز 10 اشکال چاپگر را که باعث صفحه آبی می شود برطرف می کند: اکنون آن را نصب کنید.,به-روزرسانی-ویندوز-10-اشکال-چاپگر-را-که-باعث-صفحه-آبی-می-شود-برطرف-می-کند-اکنون-آن-را-نصب-کنید,اخبار لپ تاپ|ویندوز 10|مشکل پرینتر|مشکل پرینتر در وبندوز 10|نارین پردازش|اورج باتری|اورجینال باتری|ORGBATTERY
1061,Chromebook می تواند به کسی اجازه دهد ، موقعیت واقعی شما را ببیند.,chromebook-می-تواند-به-کسی-اجازه-دهد-،-موقعیت-واقعی-شما-را-ببیند,باتری لپ تاپ|باتریکروم بوک|باتری کروم بوک|لپ تاپ chromebook|اخبار لپ تاپ|تکنولوژی لپ تاپ|تعمیرات تخصصی لپ تاپ|نارین پردازش|battery original laptop
1063,بررسی لپ تاپ های گیمینگ ( مخصوص بازی ),بررسی-لپ-تاپ-های-گیمینگ-مخصوص-بازی,لپ تاپ گیمینگ|باتری لپ تاپ گیمینگ|باتری لپتاپ ایسوس گیمینگ|باتری اورجینال گیمینگ|باتری داخلی لپ تاپ گیمینگ|تعویض باتری لپتاپ گیمینگ|نارین پردازش|اورج باتری|GAMING LAPTOP|gaming laptop battery
1067,چند وقت یکبار ویندوز را عوض کنیم؟؟؟,چند-وقت-یکبار-ویندوز-را-عوض-کنیم؟؟؟,اخبار لپ تاپ|تعویض ویندوز|آموزش تعویض ویندوز|ویندوز 10|نارین پردازش|تعمیرات تخصصی|اورج باتری|battery original laptop
1072,Lenovo Legion C7 15IMH05 لپ تاپی بی صدا و بسیار خنک,lenovo-legion-c7-15imh05-لپ-تاپی-بی-صدا-و-بسیار-خنک,اخبار لپ تاپ|لپ تاپ لنوو|لپ تاپ لنوو Legion C7|جدیدترین لپ تاپ ها|اخبار تکنولوِژی|اخبار فناوری
1076,نقد و بررسی باتری لپ تاپ لنوو Z500,نقد-و-بررسی-باتری-لپ-تاپ-لنوو-z500,نارین پردازش|اورج باتری|اورجینال باتری|تعویض باتری لنوو|آموزش تعویض باتری لنوو|باتری لنوو Z500|باتری لپ تاپ لنوو Z510|باتری اصلی لپ تاپ لنوو|باتری داخلی لنوو|battery lenovo|BATTERY LOPTOP|battery original laptop|lenovo battery|orgbattey
1078,نقد و بررسی باتری لپ تاپ ایسوس x550,نقد-و-بررسی-باتری-لپ-تاپ-ایسوس-x550,ORGBATTERY|original battery|narinpardazesh|battery asus|ASUS LAPTOP BATTERY|x550 asus battery|battery original asus k550|باتری اورجینال ایسوس k550|باتری لپ تاپ asus مدل k550|باتری داخلی لپتاپ ایسوس x550|باتری خارجی ایسوس  x550|نارین پردازش|اورج باتری|اورجینال باتری
1080,نقد و بررسی باتری لپ تاپ اپل A1322,نقد-و-بررسی-باتری-لپ-تاپ-اپل-a1322,battery apple|battery laptop apple|apple battery|a1322 apple battery|battery original battery|نارین پردازش|اورج باتری|اورجینال باتری|باتری اپل A1322|باتری لپ تاپ مک بوک پرو|تعویض باتری لپ تاپ اپل|تعویض باتری 1322|باطری اورجینال مک بوک پرو
1082,نقد و بررسی باتری سرفیس پرو 4,نقد-و-بررسی-باتری-سرفیس-پرو-4,پرو 4|باتری سرفیس پرو4|باتری تبلت سرفیس پرو4|تعویض باتری سرفیس پرو 4|باتری داخلی سرفیس پرو 4|باتری surface pro4|تعویض باتری تبلت surface pro4|نارین پردازش|اورج باتری|اورجینال باتری|battery surface|battery surface pro4|microsoft surface pro4 battery|battery original surface pro4
1084,نقد و بررسی باتری لپ تاپ ایسوس x555,نقد-و-بررسی-باتری-لپ-تاپ-ایسوس-x555,battery laptop|battery original laptop|battery asus|ASUS ORIGINAL BATTERY|ORGBATTERY|original battery|نارین پردازش|اورج باتری|اورجینال باتری|باتری ایسوس x555|باتری اورجینال ایسوس X555|باتری ایسوس C21N1347
1085,نقد و بررسی باتری لپ تاپ لنوو G500S,نقد-و-بررسی-باتری-لپ-تاپ-لنوو-g500s,battery lenovo|battery laptop lenovo|lenovo original battery|ORGBATTERY|original battery|باتری لپ تاپ لنوو|باتری لپ تاپ لنوو مدل g50_70|باتری لپتاپ لنووz5070|باتری اورجینال لنوو g400s|نارین پردازش|اورج باتری|اورجینال باتری
1088,نقد و بررسی باتری ایسوس N552,نقد-و-بررسی-باتری-ایسوس-n552,باتری ایسوس|تعویض باتری ایسوس  n552|نارین پردازش|اورج باتری|اورجینال باتری|باتری داخلی ایسوس  N552|ASUS N552|battery asus n552|n552 asus laptop battery
1089,نقد و بررسی باتری لنوو مدل Z51-70,نقد-و-بررسی-باتری-لنوو-مدل-z51-70,باتری لنوو|باتری لپ تاپ لنوو|باتری اورجینال لنوو|باتری داخلی لپ تاپ لنوو|باتری داخلی لنوو|تعویض باتری لنوو|نمایندگی لنوو|باتری لنوو z51_70|باتری لپتاپ LENOVO Z5170|باتری اصلی لپ تاپ لنوو مدل Z5170|باتری لنوو IDEAPAD500|باتری داخلی لنوو ideapad 500|باتری اورجینال لنووideapad 500|نارین پردازش|اورج باتری|اورجینال باتری|ORGBATTERY|originalbattery|battery lenovo|z51_70 lenovo battery|z5170 lenovo laptop battery|battery laptop lenovo ideapad 500|ideapad 500 lenovo battery|خرید باتری لپ تاپ لنوو ideapad 500|باتری لنووz5170
1091,نقد و بررسی باتری لپ تاپ Dell N5010,نقد-و-بررسی-باتری-لپ-تاپ-dell-n5010,orgbttery|original battery|narin pardazesh|battery dell|BATTERY ORIGINAL DELL|battery laptop dell|battery dell n5010|n5010 dell battery|battery laptop n5110|نارین پردازش|اورج باتری|اورجینال باتری|باتری لپ تاپ دل|باتری اورجینال لپ تاپ دل|باتری دل N5010|باتری اصلی لپ تاپ دل مدل n5110
1094,نقد و بررسی باتری ایسر E5-575,نقد-و-بررسی-باتری-ایسر-e5-575,باتری ایسر|باتری داخلی لپ تاپ ایسر|باتری داخلی اورجینال ایسر|تعویض باتری ایسر|باتری ایسر E5_575|باتری داخلی لپ تاپ ایسر مدل E5_575|باتری اورجینال ایسر مدل AS16A8K|باتری لپتاپ ایسر AS16A5K|ACER AS16A7K|باتری لپ تاپ ایسر AS16A8K|باتری ایسر E5575G|باتری داخلی لپ تاپ ایسر E5575G|باتری اصلی لپ تاپ ایسر مدل E5_575G|battery acer|battery laptop acer|battery original acer|battery acer E5_575G|E5_575G acer laptop battery|نارین پردازش|اورج باتری|اورجینال باتری|نمایندگی ایسر|باتری لپ تاپ ایسر|باطری اصلی لپ تاپ ایسر
1097,نقد و بررسی باتری لپ تاپ سونی VGN-FW,نقد-و-بررسی-باتری-لپ-تاپ-سونی-vgn-fw,باتری لپ تاپ سونی|باتری اورجینال سونی|باتری اصلی لپ تاپ سونی|تعویض باتری سونی|نارین پردازش|اورج باتری|اورجینال باتری|باتری سونی مدل VAIO VGNCS|باتری لپتاپ سونی مدل VAIO VGNFW|باتری اورجینال بپ تاپ سونی VAIO VPCM|خرید باتری لپ تاپ سونی VAIO VGNAW|قیمت باتری اورجینال سونی VAIO VPCS|باتری اصلی لپتاپ sony مدل VAIO VPCF11|فروش باتری لپ تاپ سونی مدل VAIO VPCC|باتری لپ تاپ سونی VGPBPS13|باتری VGP_BPS13|ORGBATTERY|narinpardazesh|Battery sony|battery laptop sony|sony original battery|bps13 sony battery
1100,نقد و بررسی باتری ایسوس N551,نقد-و-بررسی-باتری-ایسوس-n551,battery asus|battery laptop asus|BATTERY ORIGINAL ASUS|battery asus n551|n551 asus battery|g551 asus laptop battery|باتری ایسوس|باتری لپتاپ ایسوس n551|باتری ایسوس N551|باتری اصلی ایسوس N551|باتری لپ تاپ ایسوس G551|باتری اورجینال ایسوس G551|باتری ایسوس G551|نارین پردازش|اورج باتری|اورجینال باتری|تعویض باتری ایسوس N551
1108,نقد و بررسی باتری ایسر E5-573,نقد-و-بررسی-باتری-ایسر-e5-573,battery acer|battery laptop acer|battery original acer|acer battery|E5573 ace battery|battery laptop acer E5573|ORGBATTERY|نارین پردازش|اورج باتری|اورجینال باتری|باتری داخلی ایسر|باتری اورجینال ایسر|تعویض باتری ایسر|تعمیرات تخصصی لپ تاپ|تعمیرات ایسر|باتری ایسر E5573|باتری لپ تاپ ایسر E5_573|باتری ایسر E5_522|خرید باتری ایسر مدل V3573|باتری داخلی لپ تاپ ایسر V3_573|batttery laptop acer V3_573
1109,نقد و بررسی شارژر سرفیس پرو 3,نقد-و-بررسی-شارژر-سرفیس-پرو-3,ADAPTER SURFACE|adapter microsoft|adaptor surface microsoft|adaptor surface pro3|adapter surface pro4|ADAPTER ORIGINAL SURFACE|adaptor original surface microsoft|ORGBATTERY|pro 4 surface adapter|شارژر سرفیس|شارژر اورجینال سرفیس|شارژر اصلی سرفیس|شارژر سرفیس پرو3|شارزر اورجینال سرفیس پرو3|آداپتور سرفیس مدل پرو 3|شارژر سرفیس مدل pro3|خرید شارژر سرفیس پرو4|قیمت شارژر سرفیس پرو 3|شارژر مایکروسافت surface pro3|شارژر اصلی سرفیس 12 ولت|شارژر سرفیس 12V|شارژر تبلت سرفیس پرو 3|شارژر تبلت سرفیس پرو 4|اورج باتری|نارین پردازش|اورجینال باتری|تعمیرات تخصصی لپ تاپ|تعمیرات سرفیس
1115,نقد و بررسی باتری اچ پی HS04,نقد-و-بررسی-باتری-اچ-پی-hs04,نارین پردازش|اورج باتری|اورجینال باتری|باتری اچ پی|باتری اورجینال اچ پی|باتری اصلی اچ پی|تعمیرات لپ تاپ اچ پی|باتری اچ پی مدل HS04|باتری لپ تاپ اچ پی HS04|باتری اصلی لپتاپ اچ پی HS04|باتری hs04|BATTERY HP HS04|BATTERY LAPTOP HP HS04|باتری اچ پی  240 G4|باتری لپ تاپ اچ پی  240 G4|باتری اصلی HP  240 G4|HP  245 G4|باتری لپ تاپ اچ پی  245 G4|باتری اچ پی  245 G4|باطری لپ تاپ اچ پی 246 G4|باتری اورجینال HP 246 G4|HP 250 G4|باتری اصلی لپتاپ اچ پی 250 G4|باتری Pavilion 14|باتری اچ پی Pavilion 14|خرید باتری اچ پی Pavilion 14|قیمت باتری لپتاپ HP Pavilion 14|HP 	Pavilion 15|باتری لپ تاپ اچ پی 	Pavilion 15|فروش باتری لپ تاپ اچ پی 	Pavilion 15
1118,نقد و بررسی باتری لپ تاپ سونی Vaio 14E,نقد-و-بررسی-باتری-لپ-تاپ-سونی-vaio-14e,sony battery|battery laptop sony|battery original sony|battery sony Vaio 14E|battery laptop sony Vaio 14E|battery laptop sony Vaio 15E|SVF152A24T sony laptop battery|ORGBATTERY|باتری لپ تاپ سونی|باتری اورجینال سونی SVF152A24T|باتری سونی SVF152A25T|باتری اصلی لپ تاپ سونی SVF152A25T|باتری اورجینال لپ تاپ سونی SVF152A27T|باتری لپ تاپ sony SVF152A27T|battery laptop sony SVF1521A2E|خرید باتری اصلی لپ تاپ سونی SVF15217SC|باتری SVF15217SC|باتری لپ تاپ سونی SVF14215SC|باتری sony  مدل SVF14215SC|باتری سونی VGPBPS35A|باتری لپ تاپ سونی مدل VGP_BPS35A|باتری اورجینال سونی VGP_BPS35A|باتری لپ تاپ سونی مدل BPS35A|نارین پردازش|اورج باتری|اورجینال باتری|تعمیرات تخصصی لپ تاپ در تهران|تعمیرات لپ تاپ سونی
1122,نقد و بررسی باتری LENOVO IdeaPad 510,نقد-و-بررسی-باتری-lenovo-ideapad-510,lenovo battery|Ideapad510 lenovo battery|battery laptop lenovo ideapad510|battery original lenovo ideapad 510|battery lenovo ideapad 510|battery lenovo Ideapad 310|ideapad 310 lenovo battery|باتری لنوو|باتری لپ تاپ لنوو|باتری داخلی لپ تاپ لنوو|تعویض باتری لپ تاپ لنوو|باتری داخلی  ideapad510|باتری لنوو مدل  ideapad510|باتری اورجینال لنوو  ideapad 510|باتری لپ تاپ لنوو  ideapad310|باتری داخلی لنوو مدل  ideapad 310|خرید باتری لنوو مدل  ideapad510|فروش باتری اصلی لپ تاپ لنوو  ideapad 510|باتری لنوو مدل IP510|باتری لپ تاپ لنوو IP 510|باتری اصلی لپ تاپ LENOVO مدل IP 310|اورج باتری|اورجینال باتری|نارین پردازش|تعمیرات تخصصی لپ تاپ در تهران|تعمیرات لپ تاپ لنوو
